{
  "optimizer": {
    "salinity_mae": 0.29068139032884077,
    "salinity_r2": 0.8744002252607522,
    "duration_mae": 1.3841717142047303,
    "duration_r2": 0.9555714015910938,
    "train_samples": 348,
    "test_samples": 88
  },
  "time_predictor": {
    "mae": 1.0918178751897276,
    "r2": 0.9694850149146227,
    "train_samples": 2846,
    "test_samples": 712
  },
  "quality_classifier": {
    "accuracy": 0.7456140350877193,
    "train_samples": 454,
    "test_samples": 114
  }
}